ID,Membership
add,e
ade,w
adon,w
ali,w
alum,w
amar,e
andr,w
ani,w
arlo,w
art,w
ath,w
atrx,e
bacc,w
back,w
bail,w
bass,e
bca,w
bm,e
boa,w
bos,w
bp,w
brn,w
bsl,w
bsp,w
cam,e  
chad,w
chas,e
chob,e
chw,e
cida,e
cnet,e
cnti,e
coo,e
cous,w
cpa,w
csac,w
csn,w
cuj,w
dal,w
dant,e
darw,w
day,e
dd,e
del,e
dfy,e
ding ,e
dnv,e
dqi,e
dub,e
exc,e
ffl,w
foz,w
frr,e
gbg,e
gdz,e
ger,w
gif,w
gob,w
gol,e
gren,e
gui,e
gura,e
han,e
hem,e
herc,w
hex,w
hg,w
hml,e
hoo,w
hrp,e
ind,e
jade,e
jas,e
jet,e
jj,e
jup,w
jut,e
kdy,w
kier,w
kik,w
kon,w
kro,e
ktn,w
ldv,w
len,w
lim,w
linc,w
lma,e
mac,w
mali,w
mat,w
mca,e
mdsn,w
mer,e
mge,e
mig,w
mite,e
mln,w
mnr,w
moil,w
mojo,w
mos,w
mp,w
mrph,w
mrs,w
mtl,w
nav,w
ncl,w
nick,w
nod,w
nola,w
ntz,w
nxn,w
nzt,w
oke,w
olia,w
ome,w
osl,w
par,e
pcl,e
pcs,w
pisa,w
pla,w
port,e
puc,e
rslg,e
rub,e
rump,e
sals,e
sch,w
sco,w
shb,e
sim,w
slm,w
sqa,e
tana,e
tang,e
tho,e
thor,w
tia,w
tini,w
tol,e
tsa,w
vgs,w
whh,w
whi,w
who,e
wr,e
wrl,w
yet,w
yoda,w
yog,w
zc,w
zim,w
